Age Group,Occupation,2024,2023,2022,2021,2020,2019,2018,2017,2016,2015,2014,2013,2012,2011,2010,2009,2008,2007,2005,2004,2003,2002,2001,2000,Sex
All Ages,All Occupations,2365.6,2352.3,2350.4,2286.5,2222.6,2230.4,2203.7,2175.3,2165.3,2147.8,2103.5,2056.1,2040.6,1998.9,1962.9,1869.4,1852,1803.2,1647.3,1632.1,1605.4,1573.7,1582.5,1482.6,All
All Ages,Managers & Administrators (Including Working Proprietors),404.9,369.9,407.7,377.7,368.3,364.9,341.6,348.8,337.5,355.8,351.2,360.5,359,367,352.4,310.8,303.3,281.2,231.7,242,243.2,233.3,233.3,221.4,All
All Ages,Professionals,619.9,620.6,600.9,577.5,504.2,469.4,449.2,437.6,419.8,404.1,383.3,371.9,369.9,348.5,375.7,341.8,334.5,309.6,259,250,247.1,236.3,233,196.4,All
All Ages,Associate Professionals & Technicians,483.1,482.5,485.7,465.8,458.2,467.9,465,436.2,438.1,408.3,391.5,359.5,340.4,337.1,303.4,309.8,307.8,289.5,255.6,259.8,240.8,234.4,238.2,234.5,All
All Ages,Clerical Support Workers,209.6,207.8,211.8,223.4,215.6,237.2,241,247.9,244.9,267.7,268.4,271.8,265.7,249.3,243.6,236.5,237,231.2,220.8,220.4,219.1,217.8,221.9,204.8,All
All Ages,Service & Sales Workers,241.8,257.9,241.2,239.2,252.3,257.7,262.7,248,262.4,251.6,244.3,244.7,252.5,234.8,234.5,218.9,219.3,225.4,244.4,203.5,196.8,198.8,200.7,184.7,All
All Ages,Craftsmen & Related Trade Workers,54.8,58.8,53.3,57.9,62.5,67.8,70,76,79.2,83.9,82.2,82.2,90.6,89.5,86.5,88.8,90.8,95.6,111,97.2,98,105.1,102.5,107.3,All
All Ages,Plant & Machine Operators & Assemblers,128.4,132,135.7,137,151.7,151.4,147.9,151.5,151.1,146.1,145.9,146.9,148.7,157.5,152.7,158.4,157.4,164,169.7,164.2,166.7,171.2,173.6,175.7,All
All Ages,"Cleaners, Labourers & Related Workers",165.7,162.1,158.4,151.5,149.5,149.4,156.4,160.5,160.7,160.3,166,150.2,145.3,145.7,145.5,141,138.5,143.6,99.2,123.9,123.8,114.8,114.4,103.8,All
All Ages,Others,57.4,60.7,55.8,56.5,60.4,64.8,69.8,68.9,71.6,70,70.8,68.7,68.6,69.6,68.7,63.5,63.4,63.1,55.9,71.1,69.8,61.9,64.9,53.9,All
15-19 Years Old,All Occupations,25.1,30.2,26.8,26.9,26.3,32.6,35.3,32.6,34.9,36.9,28.5,28.9,30.9,31,37.0,27.5,31.5,33.4,20.3,25.1,23.3,22.1,30.6,26,All
15-19 Years Old,Managers & Administrators (Including Working Proprietors),na,na,na,na,na,na,na,na,na,na,na,na,na,na,0.1,-,-,0.1,-,-,-,-,-,0.2,All
15-19 Years Old,Professionals,0.7,0.5,0.2,0.2,0.1,0.3,0.3,0.2,0.3,0.2,0.2,0.4,0.4,0.3,0.8,-,0.4,0.6,0.1,0.3,0.2,0.2,0.4,0.2,All
15-19 Years Old,Associate Professionals & Technicians,2.2,3,2.9,2.2,1.7,1.6,2,1.2,2.1,2.1,1.3,1.6,2.3,1.3,2.4,1.4,2.2,2,0.7,1.2,1.1,1.1,1.7,1.1,All
15-19 Years Old,Clerical Support Workers,3.1,3.5,3.4,5.6,3.5,5.3,5.9,4.8,4.1,6.2,4.1,4.7,5.5,4.9,5.3,4.2,5.5,4.3,2.3,3.3,2.6,2.9,5,5,All
15-19 Years Old,Service & Sales Workers,6.5,10.2,6.8,6.6,6.1,8.7,9.4,8.5,9.9,9.8,8.2,8.6,8.5,8.5,9.9,7.9,8.7,10.3,6.1,8.5,7.2,7.2,8.3,6.8,All
15-19 Years Old,Craftsmen & Related Trade Workers,0.6,0.2,0.5,0.1,0.4,0.1,0.4,0.3,0.3,0.3,0.3,0.3,0.3,0.1,0.2,0.2,0.3,-,0.2,0.3,0.3,0.5,0.6,0.3,All
15-19 Years Old,Plant & Machine Operators & Assemblers,0.5,0.2,1.1,0.5,0.8,0.7,0.4,0.2,0.2,0.3,0.3,0.4,0.2,0.2,0.6,0.3,0.4,0.4,0.6,0.8,0.6,0.6,0.4,0.8,All
15-19 Years Old,"Cleaners, Labourers & Related Workers",1.8,2.1,1.7,2.9,1.8,1.9,1.5,1.7,1.9,2.2,2,1.6,1.8,2.1,1.8,1.7,1.8,1.5,0.8,1.5,1.7,1.1,1.6,0.9,All
15-19 Years Old,Others,9.7,10.4,10.2,8.9,12,14.1,15.3,15.8,16,15.6,12.2,11.3,11.9,13.6,16.0,11.8,12,14.1,9.5,9.3,9.5,8.6,12.5,10.7,All
20-24 Years Old,All Occupations,106.5,112.7,105.2,124,115.9,131.3,135.9,135.2,147.2,150.2,146.8,141.9,156.1,147.2,142.1,127.5,133.1,128.1,118.2,127,122.3,118.3,130.4,122.1,All
20-24 Years Old,Managers & Administrators (Including Working Proprietors),0.6,0.6,1.1,1.1,0.5,0.9,0.7,1,0.9,1.6,1,1.7,2.1,1.9,2.6,1.7,2,2.5,1.4,1.5,1.5,1.3,2.5,3.2,All
20-24 Years Old,Professionals,15.9,18.2,14.7,19,11.1,15.6,14.1,12.6,13.3,14.9,13.9,13.1,17.6,18,19.9,15,18.6,16.1,14.2,13.1,13,12.7,17,16.2,All
20-24 Years Old,Associate Professionals & Technicians,23.1,22.2,25.2,24.5,25.8,28.4,28.6,27.9,30.9,31.9,24.8,23.2,25.7,24.2,23.1,22.2,23.2,22.5,22.2,19.6,19.2,17.8,21.7,22.6,All
20-24 Years Old,Clerical Support Workers,12,14,13.2,21.4,19.3,21.9,26.6,24.8,28.3,30.6,31.7,30.9,32.4,30.4,28.2,24.9,27.3,25.4,20.8,22.3,19.3,20.6,23.8,22.8,All
20-24 Years Old,Service & Sales Workers,17,17.3,13.3,16.5,17.2,21.2,21.1,21.5,24.9,24.2,23.7,22,24.9,23,22.8,19.6,20,21,23.2,18.6,18.1,17,18.2,17.9,All
20-24 Years Old,Craftsmen & Related Trade Workers,1.7,1.7,1.9,1.8,2.3,2.1,1.8,2.5,3.1,3.1,2.2,2.4,2.2,1.8,2.1,1.1,2,2.8,2.9,2.3,2.5,3,3.1,3.8,All
20-24 Years Old,Plant & Machine Operators & Assemblers,2.1,2.6,2.8,4.1,3.7,3.1,2.8,3.7,2.7,2.2,2.5,2.5,2.9,3,2.9,3.3,2.4,3,3.6,3.5,3.1,3.8,3,4.5,All
20-24 Years Old,"Cleaners, Labourers & Related Workers",3.2,5.5,5,5.2,4.1,3.9,4.2,3.8,3.6,3.6,4.5,3.2,4.1,3.8,3.2,3.3,2.7,2.7,2.7,3.9,2.7,2.5,2.7,2.9,All
20-24 Years Old,Others,30.9,30.6,28,30.4,31.8,34.2,36,37.4,39.5,37.9,42.4,43,44.2,41.1,37.4,36.4,34.9,31.9,27.2,42.2,42.9,39.6,38.5,28.2,All
25-29 Years Old,All Occupations,203.7,215.6,193,229.2,230.6,224.7,223.5,217.2,226.5,208,204.9,198.3,197.7,204.6,210.7,204.1,197.9,199.9,202.3,193.9,198,197.9,209.7,212.2,All
25-29 Years Old,Managers & Administrators (Including Working Proprietors),8.3,11.9,12,12.3,9.5,8.7,9.2,8.6,9.4,12.1,11.8,13.3,15.3,18.8,22.8,15.8,15.6,15.6,11.8,11.7,15,15,17,18.5,All
25-29 Years Old,Professionals,84.5,81.4,76.5,88.9,76.4,77.4,69.2,72.3,72.8,66.4,64.3,60.2,64.6,62.2,73.4,68,65.7,61,61.5,53.6,58.6,53.3,57.2,53.6,All
25-29 Years Old,Associate Professionals & Technicians,63.4,66.9,58.7,71.9,81.1,76.1,76.3,76,77.3,67.7,63.2,55.9,51.4,56,46.3,53.3,50.5,51,50.6,50.3,47.6,48.8,50,50.8,All
25-29 Years Old,Clerical Support Workers,16.1,18.9,15.4,18.7,21.9,21.4,25.7,22.7,25.9,24.5,28.8,31.1,29.2,27.2,27.6,27.9,27.8,28.2,27.6,31.6,31.5,34.4,38.5,36.8,All
25-29 Years Old,Service & Sales Workers,17,18.7,16.5,20,22.6,20.6,23.8,20.1,23.3,21.7,20.7,23,22.1,22.8,23.1,21.4,19.2,22.9,26.1,20.6,20.1,19.6,20.2,21,All
25-29 Years Old,Craftsmen & Related Trade Workers,2.9,2.8,1.9,3.2,3.9,4.1,4,3.7,4.3,4.2,5.2,3.3,4,4.8,3.9,4,4.3,4.5,7.3,5.4,5.8,6.8,6.9,10,All
25-29 Years Old,Plant & Machine Operators & Assemblers,3.6,4.7,4.5,5.1,6.7,6.9,5.9,5.5,3.7,4.2,4.1,4.2,4.3,5.1,5.1,5.3,4.6,5.6,7,6.6,7.4,9.4,10.5,11.3,All
25-29 Years Old,"Cleaners, Labourers & Related Workers",3,4.5,3,4.2,3.4,4.3,4.2,4.1,4.4,3,2.5,3.4,3.4,2.9,3.6,3.7,3.4,4.1,2.8,4.5,4.1,4.5,4.7,4.8,All
25-29 Years Old,Others,4.8,5.9,4.6,4.9,5.1,5.2,5.3,4.2,5.5,4.3,4.3,3.8,3.3,4.7,4.9,4.7,6.8,6.9,7.6,9.8,8,6.1,4.6,5.4,All
30-34 Years Old,All Occupations,269.6,281.1,278.7,293.9,252.3,246,234,236.2,237,236.3,242.1,241,238.3,241.3,245.7,237.3,235.3,237.8,239.5,232.4,233.3,228.3,228.2,222.9,All
30-34 Years Old,Managers & Administrators (Including Working Proprietors),34.5,35.2,41.1,38.9,32.9,32,29.6,30.8,35,36.5,35.7,39.1,41.8,42.9,43.5,39.8,40.7,37.8,32.7,33.6,35.4,34.9,35.2,36.3,All
30-34 Years Old,Professionals,108.8,113.7,113.1,116.7,97.1,82,80,84.1,81.1,80.8,79.9,76.7,76.6,77.1,80.6,78.5,73.8,70.5,65,58.6,59.1,57.4,52.9,45.2,All
30-34 Years Old,Associate Professionals & Technicians,73.7,73.6,71.7,75.7,68.4,72.8,69.2,63.6,65.1,58.4,61.3,55.6,53.2,54,49.7,51.6,53.4,53.1,50.6,51.5,47.2,44.4,44.6,43.6,All
30-34 Years Old,Clerical Support Workers,19.4,19.4,18.9,22.3,18.2,21.6,19.8,23.1,21.1,25.7,25.9,29.2,27.8,27.4,29.9,26.6,27,31.9,34,33.9,37.1,37,36,35.3,All
30-34 Years Old,Service & Sales Workers,18.8,22.1,19.3,22,20,20.7,19.6,18.8,19.2,19.1,21.7,23.1,21.6,21.6,21.8,19.7,20.3,19.3,25.3,22.5,21.1,22.2,21.9,20.4,All
30-34 Years Old,Craftsmen & Related Trade Workers,2.9,2.9,1.6,3.8,2.1,3.8,3.7,3.4,4.1,4.1,4.9,4.3,4.5,4.9,5.8,5.7,6.2,6.8,11.3,10.4,10.2,10.8,11.7,13.7,All
30-34 Years Old,Plant & Machine Operators & Assemblers,4.7,6.7,4.9,7.5,7.1,6.7,5.8,5.7,5.4,5.2,4.9,5.3,5.6,6.5,6.3,7.6,7,9.8,13.7,13.4,14.7,14.4,17.6,19.2,All
30-34 Years Old,"Cleaners, Labourers & Related Workers",3.7,4.2,4.7,4.2,4,3.8,3.5,4.4,4.1,3.8,4.4,4.5,4.3,3.7,4.5,4.3,3.9,5.1,4.2,5.9,5.8,5.3,6.2,6.8,All
30-34 Years Old,Others,3.1,3.3,3.4,2.8,2.3,2.6,2.7,2.1,1.8,2.9,3.4,3.2,2.8,3.2,3.6,3.6,2.9,3.5,2.8,2.7,2.5,2,2.2,2.4,All
35-39 Years Old,All Occupations,282.2,268.9,275.3,274.1,261.7,259.8,263.1,265.9,250.3,261,248.6,253.8,259,260.3,267.2,255.7,256.8,241.7,239.4,229.1,239.1,245.2,248.2,235.2,All
35-39 Years Old,Managers & Administrators (Including Working Proprietors),63.4,54.4,56.9,55.1,59,57,52.4,52.2,51.7,56,55.5,58.8,60.3,66.4,65.8,56.5,57.3,51.4,43.9,44.4,47.4,48.8,49.1,45.9,All
35-39 Years Old,Professionals,104.7,98.4,98.9,96.9,82.5,78.5,78.2,80.2,75.8,75.4,66.7,68.8,68.3,65.8,69.0,64.2,63,57.3,45.1,43.4,42.1,41.8,39,30.3,All
35-39 Years Old,Associate Professionals & Technicians,62.1,59.4,62,61.9,60.1,62.6,65,64.2,57.3,59.7,59.2,54.1,51.4,52.4,46.5,50.4,49.8,44.6,40.5,41.5,39.2,38.4,38.6,38.4,All
35-39 Years Old,Clerical Support Workers,18.4,20.8,19.3,21,18,21.4,23.6,24.7,22.3,26.8,25.6,27.3,30.6,29.5,32.0,31.4,32.2,30.2,34.7,35.3,36.1,34.1,35.2,33,All
35-39 Years Old,Service & Sales Workers,17.9,19.5,20.3,20.8,22.7,21,22,22.7,20.8,21.5,20.5,22.1,23.6,20.5,24.3,22.6,22.4,21.3,28.9,20.6,23.6,25.6,26.3,23.6,All
35-39 Years Old,Craftsmen & Related Trade Workers,2.8,3.4,2.8,3.7,3.4,4,4.8,4.9,5.9,6.2,5.4,5.8,7.9,7.2,8.6,9,8.6,10.3,14.9,12.1,14.1,18.2,17.5,20.2,All
35-39 Years Old,Plant & Machine Operators & Assemblers,6.5,6.4,6.7,7.8,9.2,7.9,8.3,8.2,8.4,6.7,7,9,9.5,10.3,11.9,13,13.1,15.6,21.8,19.9,22.3,25.5,27.1,29.4,All
35-39 Years Old,"Cleaners, Labourers & Related Workers",4.5,4.9,6.2,4.7,4.3,5.2,5.7,6.3,5.4,5.7,6.2,5,5.9,6.3,7.2,7,7.9,8.9,7.5,10.2,11.9,10.7,12.7,11.5,All
35-39 Years Old,Others,1.7,1.6,2.1,2.2,2.5,2.1,3.2,2.6,2.7,3,2.6,2.8,1.4,1.9,1.9,1.8,2.4,2.1,2.2,1.8,2.3,2,2.6,2.9,All
40-44 Years Old,All Occupations,285,278.1,292.7,268.6,259.2,262,271.1,271.5,260.3,268.3,257.2,258.5,258.4,249.4,246.0,251.2,253.6,249.4,247.3,246.8,238.6,239.3,242.2,225.7,All
40-44 Years Old,Managers & Administrators (Including Working Proprietors),71.2,62.8,72.9,66,66.7,65.5,66.8,68.8,65,67.5,65.6,68,66.2,66.2,62.2,58,55.2,53.9,47.4,50.3,45.5,45.4,46.6,44.1,All
40-44 Years Old,Professionals,91.9,95.1,90.8,87.1,75.8,68.5,69.4,67.8,60.7,61.4,55.5,52.4,51.8,46.8,44.9,44,41.7,39.3,31.5,34.1,28.5,27.8,26.4,20,All
40-44 Years Old,Associate Professionals & Technicians,61.6,60,63.8,56.5,53.5,57.4,59.6,53.6,55,52.8,51.5,47.7,46,43.7,39.1,40.3,42.5,38,32.1,33.2,34.5,30.9,31,31.8,All
40-44 Years Old,Clerical Support Workers,21.8,18.3,20.7,18.7,21,23.8,25.5,28.5,27,30.8,29,34,31.8,30.7,30.1,32.6,34.5,33,34,32,33.7,32.8,34.2,29.4,All
40-44 Years Old,Service & Sales Workers,20.1,20.3,23.6,19.4,19.7,24.1,23,22.9,23.9,24.3,23.2,23.6,26,24.4,24.4,27,27.7,28.3,33.9,29.7,26.2,29.1,27.2,26.3,All
40-44 Years Old,Craftsmen & Related Trade Workers,3.2,4.1,4.5,3.4,4.6,4.4,5.5,7.7,6,8.5,8,9.6,10.4,9.9,11.5,12.4,12.6,14.6,22.7,18.5,19,21.1,22.7,20.8,All
40-44 Years Old,Plant & Machine Operators & Assemblers,8,9.2,8.3,8.9,10.4,10.4,11.6,12.1,12.6,12.2,13.4,11.7,14.9,15.5,19.3,22.1,23.3,24.8,30.5,28.8,31,34.4,35,35.5,All
40-44 Years Old,"Cleaners, Labourers & Related Workers",4.9,6.3,5.9,5.9,6.3,6,8.1,7.9,8.9,9.3,9.3,10,9.8,10.7,13.1,13.3,14.4,16,12.4,17.4,18.2,16.3,17.2,15.6,All
40-44 Years Old,Others,2.2,1.9,2.2,2.6,1.3,1.8,1.5,2.2,1.3,1.5,1.8,1.5,1.5,1.4,1.6,1.5,1.7,1.5,2.7,2.7,2.2,1.5,1.9,2.1,All
45-49 Years Old,All Occupations,262.7,264.9,295.6,252.3,266.3,273.8,261.7,264.2,251,251,245.9,258.3,261.5,260.8,258.8,249.3,253.7,249.5,224.1,226.8,215.9,207.4,203.3,185.5,All
45-49 Years Old,Managers & Administrators (Including Working Proprietors),71.4,64.6,73,64.7,69.9,69.6,63.4,64.7,60.1,61.2,59.7,61.7,59.8,62.8,56.2,52.5,51.1,46,39.1,44.1,41,37.6,37.5,32.9,All
45-49 Years Old,Professionals,76.3,75.5,80.6,64.3,63.4,55.4,52.5,50,45.1,40,40.6,38.1,37.7,33.1,35.2,29.1,31.5,27.5,19,19.6,19.9,17.9,16.5,13.1,All
45-49 Years Old,Associate Professionals & Technicians,50.5,53.1,59.6,48.4,50.4,55.8,52.7,52.2,46.5,43.3,42.1,40.7,38.6,36.5,36.4,37.9,35.7,33.8,26.7,30.7,25.1,25.2,25.7,23.3,All
45-49 Years Old,Clerical Support Workers,20.3,23.2,26.3,24.5,22.6,28.2,26.7,30.2,29.8,32,30.9,33.3,34.7,31.4,33.0,32.3,31.7,32.6,30.6,28.6,25.7,28.1,24,21.9,All
45-49 Years Old,Service & Sales Workers,21.2,21.7,25.7,20.2,24.6,27.4,28.3,26.8,29.1,28,26.9,31,34.5,29.9,30.2,29.4,30.7,32,34.7,27.7,26.6,25.3,27.7,24.6,All
45-49 Years Old,Craftsmen & Related Trade Workers,4.6,6,5.3,6,6.7,7.4,7.9,9,8.9,11.6,10.1,13,14.5,16.9,16.6,16.8,19,18.9,20.4,18.9,19.4,19.5,16.7,17.4,All
45-49 Years Old,Plant & Machine Operators & Assemblers,10.1,11.9,13.5,13.7,17.4,18,16.5,18.1,17.1,18.4,17.8,23,23.1,28.6,26.7,28.2,30.9,33.1,33.9,33.8,34.7,32.9,34.6,33.3,All
45-49 Years Old,"Cleaners, Labourers & Related Workers",6.8,7,10,9.6,10,10.7,12.2,12.1,13.4,15,16.1,16,16.9,19.6,22.9,21.2,21.7,23.7,17.6,21.9,21.9,19.9,19.1,17.8,All
45-49 Years Old,Others,1.5,1.8,1.7,0.9,1.3,1.3,1.6,1,1.1,1.5,1.6,1.5,1.6,2,1.6,1.9,1.5,1.8,2.1,1.6,1.5,1,1.4,1.4,All
50-54 Years Old,All Occupations,260.7,260.5,247.9,213,237.1,247,251.1,244.3,253.9,255.4,254.6,248,241.2,238.4,227.4,221.9,217.7,209.9,175.1,172.8,167.5,160.6,154.5,132.7,All
50-54 Years Old,Managers & Administrators (Including Working Proprietors),62.8,58.1,58.7,49.3,51.3,51.6,49.3,48.6,46.5,50.7,51,51.3,50.5,47.8,45.1,40.9,38.4,36.9,28.5,28.4,30.6,27.7,26.1,22.5,All
50-54 Years Old,Professionals,60.4,59.2,54.9,42.2,42.2,40.3,35.5,32.5,31.7,29.6,27.9,26.8,23.7,21.5,23.4,20.5,20,17,12,13.7,12.7,12.7,13.5,10.3,All
50-54 Years Old,Associate Professionals & Technicians,49.7,50.4,49,39.8,43.2,42.8,43.4,40,41.5,38.3,37,35.4,30.1,31.9,29.5,27.9,26.7,24.2,18.6,18.4,16,18.3,17,14.8,All
50-54 Years Old,Clerical Support Workers,26.4,24.3,23,21.4,24.7,29.6,30.9,30.6,32.4,34.6,33.8,32.7,32.1,30.8,26.7,29.7,27.2,24.2,21.1,19.9,19.9,15.9,16.1,12.6,All
50-54 Years Old,Service & Sales Workers,24.7,28.5,23.9,23.5,27.8,31.7,34.7,30.1,32.5,33.9,31.6,29.5,31.8,31.1,29.6,26.8,29.1,30.3,29.5,24.7,24,23.6,22.9,20.4,All
50-54 Years Old,Craftsmen & Related Trade Workers,6.5,7.1,5.9,6.5,8.5,10.9,11.9,13.6,15.5,15.1,14.1,15.8,17.5,16.3,15.2,17.4,18.1,17.5,16.7,15.5,15.1,14.6,12.3,11.9,All
50-54 Years Old,Plant & Machine Operators & Assemblers,16.2,16.8,16.9,16.1,22,22.4,23.8,26.4,30,28.6,30.5,32.4,30.3,32.8,32.1,32.1,31.3,32,30,29.8,27.5,27.2,25.5,22.4,All
50-54 Years Old,"Cleaners, Labourers & Related Workers",13.2,15.1,14.6,13.8,16.4,17,20,21.7,22.2,22.9,27.4,23.3,23.9,25.2,25.5,25.4,26.4,27.1,17.6,21.6,21.3,19.9,20.6,17.4,All
50-54 Years Old,Others,0.8,1.1,1.1,0.4,1,0.8,1.5,0.9,1.5,1.7,1.4,0.8,1.2,1.1,0.5,1.2,0.7,0.7,1,0.7,0.6,0.7,0.5,0.6,All
55-59 Years Old,All Occupations,220.1,233.5,234.6,213.9,224.5,227.8,217.3,205.4,218.6,216.4,213.9,199.1,191.3,181.6,172.8,150.7,146.5,143.5,109.1,106.4,92.9,83.1,64.8,61.8,All
55-59 Years Old,Managers & Administrators (Including Working Proprietors),41.1,38,44.4,36.6,38.3,38,34.3,36,34.2,38.5,35.5,33.3,31.6,31.5,30.3,25.4,24.7,21.7,16.2,16.9,15.6,12,9.1,9.3,All
55-59 Years Old,Professionals,37.6,39.7,35.2,29.6,28.8,26.7,26,19.5,20.2,18.7,16.9,19.8,15.6,12.5,15.8,12.6,12.6,13.2,7.3,9.4,8.8,8.4,6.3,5.1,All
55-59 Years Old,Associate Professionals & Technicians,40.6,41,42.6,35.5,34.1,34.4,34.3,29.8,33,28.4,27.1,26.4,24.3,22.8,19.0,15.9,15.5,13.8,9.6,10.2,8,6.7,5.2,5,All
55-59 Years Old,Clerical Support Workers,25.5,23.7,26.5,26.5,27.2,27.6,25.3,26.5,26.6,28.6,30.7,26,23.6,22.1,18.1,16.2,14.6,14.4,10.9,9.7,9.1,7.4,4.9,4.6,All
55-59 Years Old,Service & Sales Workers,25.7,31.5,29.8,28.6,31.4,30.9,29.9,26.7,32,28.4,27.8,24.9,25.6,24.6,23.9,20.6,20.6,20.5,20.4,16.8,14.1,13.9,11.2,10.4,All
55-59 Years Old,Craftsmen & Related Trade Workers,7,9.8,8.8,9.5,11.4,12.9,12,12.9,13.1,14.3,15.1,13.8,15.1,13.8,12.9,11.8,10.9,12.9,10.1,8.9,7.6,6.3,5.4,5.5,All
55-59 Years Old,Plant & Machine Operators & Assemblers,21.2,23.8,23.1,25.1,26.8,28.6,28,28.5,29.2,29.6,29,27.6,29,28.7,26.4,25.2,24.3,23.3,18.2,16.8,15,13,10.5,10.6,All
55-59 Years Old,"Cleaners, Labourers & Related Workers",20.9,24.9,23.5,21.5,25.4,27.3,26.4,24.4,29.4,29.3,30.7,26.9,26.1,25.5,25.8,22.7,23,23.3,16,17.5,14.6,15.2,11.8,11.1,All
55-59 Years Old,Others,0.4,1,0.8,0.9,1.2,1.3,1.1,1.1,0.8,0.7,0.9,0.4,0.5,0.4,0.6,0.4,0.2,0.4,0.4,0.2,0.1,0.4,0.4,0.2,All
60-64 Years Old,All Occupations,202.7,189.8,193.2,192,173.7,165.8,165.9,161.3,158.8,149.2,146.1,132.2,123.4,110.3,95.5,87.1,75.6,63.9,41.2,43,43.9,43.2,42.3,34.4,All
60-64 Years Old,Managers & Administrators (Including Working Proprietors),26.6,23.7,25,28.8,21.5,24,21.1,22.2,20.4,19.3,20.9,20.6,19.1,17.4,15.9,13.1,11.8,9.1,5.8,6.2,6.8,6.7,5.6,4.6,All
60-64 Years Old,Professionals,23.2,23.1,21.9,19,15.7,13.5,14.2,10.9,10.7,10.3,10,10,9,7,8.4,6.2,4.7,4.6,1.9,2.8,2.8,3.1,2.8,1.8,All
60-64 Years Old,Associate Professionals & Technicians,31.1,30.3,28.2,28.6,23.9,20.4,22.3,18.2,20.2,17.8,16.8,13.7,12.5,9.8,8.0,6.3,6.1,5,2.9,2.4,2.3,2.2,1.9,2.1,All
60-64 Years Old,Clerical Support Workers,22.5,20.2,23.8,23.7,22.6,20.6,17.6,19.3,17,18.5,17.3,15.4,12.1,10.6,9.1,7.5,6.7,4.5,2.8,2.1,2.9,2.7,2.8,2.3,All
60-64 Years Old,Service & Sales Workers,30.3,29.4,26.5,27.6,28.5,26,25.2,25.4,24.9,21.9,21.1,19.5,19.4,17.2,14.1,14.2,11,10.2,8.9,8,9.1,8.2,8.4,6.7,All
60-64 Years Old,Craftsmen & Related Trade Workers,10.4,10.4,10.4,9.8,9.6,9.6,10,10.8,10.7,10,10.5,8.6,8.6,9.1,6.2,7.1,6.1,5,2.9,3.2,2.6,2.9,3.9,2.5,All
60-64 Years Old,Plant & Machine Operators & Assemblers,26.6,23.8,26.4,25.5,25.7,25.2,26.5,25.4,24.8,24,23.3,18.5,19,17.8,15.2,14.3,13.3,10.2,7,7.4,6.5,6.8,6.9,6.2,All
60-64 Years Old,"Cleaners, Labourers & Related Workers",31.5,27.8,30.2,28,25.4,26.3,28.3,28.4,29.3,26.9,26.2,25.6,23.5,21.3,18.1,18.2,15.7,15.3,8.8,10.9,10.9,10.3,9.9,8.1,All
60-64 Years Old,Others,0.6,1.1,0.7,1.1,0.8,0.4,0.5,0.7,0.7,0.4,0.1,0.3,0.2,0.1,0.4,0.3,0.2,0.1,0.2,0.1,0.1,0.1,0.1,0.1,All
65 Years & Over,All Occupations,247.5,217,207.3,198.5,175.2,159.6,144.9,141.5,126.8,115.3,114.7,96.1,83,73.9,59.7,57.1,50.3,46.1,30.7,28.7,30.6,28.3,28.2,24.2,All
65 Years & Over,Managers & Administrators (Including Working Proprietors),24.9,20.4,22.7,24.8,18.7,17.6,14.9,16,14.2,12.5,14.7,12.7,12.2,11.3,7.9,7.1,6.5,6.2,4.8,5,4.6,3.9,4.4,3.9,All
65 Years & Over,Professionals,16,15.9,14,13.7,11.1,11.3,9.9,7.6,8.3,6.5,7.2,5.4,4.6,4.1,4.4,3.7,2.6,2.4,1.3,1.4,1.3,0.9,1,0.8,All
65 Years & Over,Associate Professionals & Technicians,25,22.4,22,20.7,16,15.6,11.5,9.4,9.2,8,7.1,5.2,4.9,4.6,3.3,2.6,2.2,1.4,1.1,0.8,0.7,0.6,0.8,0.9,All
65 Years & Over,Clerical Support Workers,24.1,21.6,21.3,19.7,16.6,15.9,13.3,12.8,10.5,9.4,10.6,7.1,5.8,4.2,3.6,3.3,2.5,2.5,1.9,1.7,1.4,1.9,1.5,1.2,All
65 Years & Over,Service & Sales Workers,42.6,38.7,35.6,34,31.6,25.4,25.7,24.4,21.8,18.8,18.8,17.4,14.5,11.2,10.5,9.8,9.5,9.3,7.5,5.9,6.7,7.1,8.3,6.6,All
65 Years & Over,Craftsmen & Related Trade Workers,12.2,10.3,9.5,10.1,9.6,8.6,8,7.1,7.1,6.4,6.5,5.2,5.5,4.5,3.5,3.2,2.7,2.1,1.6,1.7,1.3,1.5,1.6,1.3,All
65 Years & Over,Plant & Machine Operators & Assemblers,28.9,26,27.4,22.7,21.9,21.4,18.3,17.8,16.9,14.7,13,12.3,9.9,9.1,6.2,7,6.6,6.1,3.5,3.5,3.7,3.2,2.5,2.7,All
65 Years & Over,"Cleaners, Labourers & Related Workers",72.1,59.8,53.8,51.4,48.5,43,42.4,45.6,38.1,38.6,36.6,30.6,25.6,24.8,20.0,20.2,17.7,16,8.8,8.6,10.8,9.2,7.9,6.8,All
65 Years & Over,Others,1.6,2,1.1,1.4,1.1,0.9,1,0.9,0.7,0.5,0.1,0.2,0.1,-,0.2,0.1,0.1,-,0.1,-,0.1,-,0.1,-,All
All Ages,All Occupations,1127.6,1108.3,1094.2,1066.2,1024.6,1027.9,1006.5,985.9,986.9,976,942.5,913.8,902.5,880.1,856.4,803.2,798.5,764.8,687.6,671.3,656.6,636,644,593.1,Female
All Ages,Managers & Administrators (Including Working Proprietors),162.2,146.5,164.2,144,136.9,133.9,122.4,118.3,117.3,120.6,118,120.7,120.2,123.5,119.7,96.7,95.1,85.4,67.8,67.1,63.3,60.9,58.7,58.4,Female
All Ages,Professionals,308.4,305.9,283.6,277,243.7,231.4,213.3,208.6,204.7,194.8,178,176.4,171.1,165.2,168.3,149.8,146.9,137.4,117.4,105.6,109.4,102,101.6,89.6,Female
All Ages,Associate Professionals & Technicians,241.7,236.2,241,230.7,226.5,224.7,222.5,211.4,208.2,193.7,188.9,164.3,155.8,154.5,136.3,151.5,146.3,137.7,120.2,116.5,110.5,104.7,105.6,100.4,Female
All Ages,Clerical Support Workers,161.6,158.4,162.2,171.4,163.9,180.9,181.1,189.5,184.9,204.4,202,206.6,204.3,192.1,190.7,179.9,179.3,176.4,165.5,171.6,168.2,168.1,171,155.7,Female
All Ages,Service & Sales Workers,139.7,145.4,133.3,132.5,144.7,146,147.2,139.7,146.8,138.5,133.6,132.6,136.8,127.4,125.6,111,114.2,110.6,118.4,100.2,92.7,91.5,97.2,82.6,Female
All Ages,Craftsmen & Related Trade Workers,8.3,10.7,9,9.8,8.7,8.9,9.1,8.9,9.4,9.7,6.9,7.3,8.8,7.4,8.5,9.3,9.5,9.7,9.1,7.9,8.3,8.9,8.1,9.4,Female
All Ages,Plant & Machine Operators & Assemblers,11.6,12.3,13.3,14.5,14.5,14.6,17.5,15.5,18.6,17.4,19.5,21.9,23.9,25.9,26.3,28,31,33.3,38.9,41.6,44.3,44.2,44.3,47.6,Female
All Ages,"Cleaners, Labourers & Related Workers",92.6,90.2,85.1,84.4,84.2,85.1,90.2,92.1,95.1,94.7,93.8,82.9,80.6,82.8,78.9,76.1,74.9,73,48,58.8,58.3,54.7,55.9,47.2,Female
All Ages,Others,1.6,2.8,2.3,1.8,1.4,2.4,3.2,1.9,1.9,2.1,1.9,1.1,0.9,1.4,2,0.9,1.2,1.5,2.3,1.9,1.6,1.1,1.7,2.3,Female
15-19 Years Old,All Occupations,8.6,13.4,9.8,11,8.2,11.8,12.1,10.3,12.8,14,10.1,11.4,12.5,10.6,14,10.5,12.6,12.9,7.8,11,9.2,9,11.7,10.7,Female
15-19 Years Old,Managers & Administrators (Including Working Proprietors),na,na,na,na,na,na,na,na,na,na,na,na,na,na,0.1,-,-,0.1,-,-,-,-,-,0.2,Female
15-19 Years Old,Professionals,0.3,0.4,0.1,0.1,0.1,0.2,0.3,0.1,-,0.1,0.2,0.3,0.3,0.2,0.6,-,0.3,0.4,0.1,0.2,0.2,0.2,0.2,0.1,Female
15-19 Years Old,Associate Professionals & Technicians,1,2.2,1.9,1.4,1,1.1,1.3,0.8,1.3,1.3,0.9,1.4,1.6,1.1,2,1,1.9,1.7,0.7,0.9,1,0.9,1.3,1,Female
15-19 Years Old,Clerical Support Workers,2,2.2,2.2,4,2.3,3.3,3.7,3.1,3.1,4.5,3.2,3.4,4.5,3.5,4.6,3.5,4.6,3.4,2,2.6,2,2.4,4.5,4.7,Female
15-19 Years Old,Service & Sales Workers,4.2,7.3,4.5,4.2,3.7,5.8,5.8,5.4,7,6.7,4.7,5.4,5.4,5.1,6,5.1,5.1,6.9,4.3,6.1,4.8,4.7,5.1,3.8,Female
15-19 Years Old,Craftsmen & Related Trade Workers,0.1,0.1,0.1,-,0.3,0.1,0.1,0.1,0.1,0.1,0.1,0.1,-,-,0.1,-,-,-,0.1,0.1,0.1,0.1,-,0.1,Female
15-19 Years Old,Plant & Machine Operators & Assemblers,0.1,0.1,0.3,0.1,0.1,0.1,0.1,0.1,0.1,0.1,0.1,0.1,-,-,-,0.1,0.1,0.1,0.4,0.6,0.3,0.4,0.2,0.5,Female
15-19 Years Old,"Cleaners, Labourers & Related Workers",1.1,1.1,0.6,1.3,0.7,1.3,0.6,0.6,1,1.1,0.9,0.6,0.7,0.7,0.6,0.8,0.5,0.4,0.3,0.5,0.7,0.2,0.3,0.3,Female
15-19 Years Old,Others,na,na,na,na,na,0.1,0.1,0.1,0.1,-,-,-,-,-,-,-,-,-,-,-,-,0.1,0.1,0.1,Female
20-24 Years Old,All Occupations,47.3,51.7,47.8,60.8,55.5,62.5,65,61.7,68.4,72.7,67.4,62.9,71.6,70.5,66.2,57.3,63,60.2,57,57.2,55.6,52.4,61.1,60.6,Female
20-24 Years Old,Managers & Administrators (Including Working Proprietors),0.4,0.4,0.7,0.7,0.4,0.6,0.6,0.7,0.4,0.9,0.4,1.1,1.5,1.4,1.4,1,1,1.6,0.9,0.8,1.1,0.9,1.7,2,Female
20-24 Years Old,Professionals,11.8,13.4,11.3,15.2,9.1,12.8,11.6,10.1,11.3,12.4,11.9,10.8,14,14.6,14.7,11.4,13.8,12,11.4,10.9,10.4,9.9,12.9,12.9,Female
20-24 Years Old,Associate Professionals & Technicians,15.3,15.2,17.2,17.3,18.8,19.9,19.6,19.8,20.7,23,16.8,15,16.4,16,15,15.3,15.4,14,14.8,14,13.8,12,14.6,15.6,Female
20-24 Years Old,Clerical Support Workers,8,9.2,8.3,14.2,13.8,14.3,17.7,16.9,19.2,21.3,22.1,22,23.3,22.8,20.6,17.8,19.8,19.6,16.5,18.9,17.1,18.6,20.2,19.5,Female
20-24 Years Old,Service & Sales Workers,10,10.6,7.6,9.9,10.5,11.7,12.7,12.3,14.3,13.3,13.4,12.6,14,13.4,12.2,10.1,11.4,11,11.3,10.5,10.7,8.8,9.8,7.7,Female
20-24 Years Old,Craftsmen & Related Trade Workers,0.2,0.4,0.6,0.6,0.5,0.7,0.4,0.5,0.5,0.6,0.4,0.4,0.2,0.2,0.4,-,0.2,0.4,0.2,0.1,0.2,0.4,0.2,0.3,Female
20-24 Years Old,Plant & Machine Operators & Assemblers,0.3,0.3,0.1,0.5,0.4,0.1,0.5,0.3,0.1,-,0.6,0.3,0.5,0.4,0.5,0.4,0.5,0.5,1.1,1.2,1.1,1.1,1,1.5,Female
20-24 Years Old,"Cleaners, Labourers & Related Workers",1.4,2.1,1.5,2.2,1.8,1.9,1.5,1.1,1.5,1.1,1.7,0.7,1.5,1.6,1.1,1.2,0.9,0.9,0.5,0.5,0.8,0.5,0.5,0.6,Female
20-24 Years Old,Others,0.1,0.1,0.4,0.1,0.2,0.4,0.4,0.1,0.3,0.1,0.2,0.1,0.1,0.1,0.3,0.1,0.1,0.2,0.3,0.3,0.3,0.3,0.3,0.6,Female
25-29 Years Old,All Occupations,104.5,107.9,97.5,114.6,119.8,111.1,113,109.9,116.5,106.1,103.1,102.2,99.3,101.9,103.8,101.6,100,101.6,101.1,96.9,100.7,99.4,104.8,103.4,Female
25-29 Years Old,Managers & Administrators (Including Working Proprietors),4.5,6.4,6.3,6,4.4,4,5,4.4,4.2,5.6,6.4,6.7,7.6,9.9,10.6,7.8,7.7,8.8,5.6,5.8,7.5,6.7,7.4,7.9,Female
25-29 Years Old,Professionals,47.1,43.7,41.6,46.3,43.2,43.1,38.1,39.5,41.7,36.9,35.5,33.6,34.2,34.6,37.6,35.3,33.7,31.8,32.8,26.5,30.3,26.7,27.3,26.4,Female
25-29 Years Old,Associate Professionals & Technicians,33,34.2,28.7,37.8,42.6,37,38,38.5,39.9,33.7,32,26.5,24.4,25.9,21.9,26.7,26.3,26.1,25.5,25.4,24.8,24.6,24.5,23.6,Female
25-29 Years Old,Clerical Support Workers,11.3,12.3,10.3,12.1,15.1,14.5,17.5,15.8,17.4,17.7,18.1,22,21.1,19.4,20,19.8,20.5,21.5,21.5,26,25.2,28.1,31.4,29.8,Female
25-29 Years Old,Service & Sales Workers,7.1,8.3,8.5,10,11.7,9.4,11.1,9.3,10.3,10.2,9.3,10.9,9.8,10,10.7,9.6,9.3,9.7,11.7,8.9,8.4,8.5,8.5,9.5,Female
25-29 Years Old,Craftsmen & Related Trade Workers,0.2,0.2,0.4,0.5,0.6,0.6,0.3,0.5,0.5,0.4,0.4,0.2,0.6,0.2,0.2,0.3,0.1,0.4,0.4,0.4,0.3,0.4,0.5,0.7,Female
25-29 Years Old,Plant & Machine Operators & Assemblers,0.1,0.4,0.4,0.2,0.5,0.5,0.4,0.5,0.2,0.2,0.3,0.7,0.5,0.7,0.9,0.9,1,1.9,2.2,2.2,2.5,2.8,3.7,3.9,Female
25-29 Years Old,"Cleaners, Labourers & Related Workers",0.9,1.4,0.9,1.3,1.4,1.4,1.8,1.2,2,1.2,0.8,1.6,0.9,1,1.2,1.1,0.9,1.1,0.8,1,1.3,1.2,1.2,1.1,Female
25-29 Years Old,Others,0.4,0.9,0.4,0.3,0.3,0.5,0.7,0.2,0.2,0.4,0.2,0.2,0.1,0.2,0.5,-,0.4,0.5,0.5,0.7,0.3,0.3,0.3,0.4,Female
30-34 Years Old,All Occupations,137.3,140.4,136,148.3,125.8,123,114.8,119.2,117.7,116.3,119,118.3,117.6,117.4,118.4,112.8,114.2,111.2,111.1,105.7,107.2,103.9,101.8,96.2,Female
30-34 Years Old,Managers & Administrators (Including Working Proprietors),16.5,18.2,19.6,18.2,14.5,15.5,12.9,12.8,15.8,16,15.5,17.6,18.5,19.5,20.1,17.1,18.1,14.9,12.9,12.8,12.5,12.6,12.5,11.7,Female
30-34 Years Old,Professionals,58.7,59.4,54.8,60.9,49.8,42.5,39.4,43.9,41.6,39.5,38.7,37.7,37.4,36.7,36.1,35,32.4,30,27.9,22.7,24,23.5,21.2,18.5,Female
30-34 Years Old,Associate Professionals & Technicians,36.8,34.8,35.8,37.5,34.4,35,33.9,32.1,31,27.1,31.1,25,24.9,24.6,22.6,24.5,26.6,26.7,24.5,24.2,21.4,21.1,19.1,18.7,Female
30-34 Years Old,Clerical Support Workers,13.5,14.2,13.7,18.1,13.8,16.7,14.6,18,16.7,20.3,19.8,23,22.1,22.1,24.6,21.9,21.8,25.5,26.9,27.4,30.6,29.5,29.1,28.2,Female
30-34 Years Old,Service & Sales Workers,9.5,11,10,10.1,10.4,10.6,11.2,9.2,9.9,10.1,10.8,12,11.1,11,11.2,9.6,10.9,8.8,12.2,11,9.9,9.5,10.6,9.8,Female
30-34 Years Old,Craftsmen & Related Trade Workers,0.4,0.4,0.2,0.6,0.3,0.5,0.4,0.2,0.3,0.7,0.3,0.3,0.2,0.3,0.4,0.6,0.5,0.6,0.9,0.9,0.9,0.6,1,1,Female
30-34 Years Old,Plant & Machine Operators & Assemblers,0.4,0.6,0.8,1.2,0.7,0.5,0.2,0.6,0.4,0.8,0.8,0.6,1.1,1.1,1.5,2,2.2,3.1,4.4,4.7,5.8,5.1,6,6.1,Female
30-34 Years Old,"Cleaners, Labourers & Related Workers",1.2,1.4,0.8,1.7,1.7,1.6,1.8,2.3,1.9,1.6,1.7,2,1.9,1.9,1.7,2.1,1.5,1.5,1.2,1.7,1.9,2,2.1,2,Female
30-34 Years Old,Others,0.4,0.3,0.2,0.2,0.2,0.2,0.3,0.1,0.1,0.3,0.3,0.1,0.3,0.2,0.2,0.2,0.3,0.1,0.3,0.3,0.3,-,0.3,0.3,Female
35-39 Years Old,All Occupations,142.3,134.9,135.5,132.5,129.2,128.5,128.6,129.3,118.8,127.1,116.7,119,121.2,120,121.5,120.7,115.1,103.6,102.4,97.1,97.3,95.5,97.7,89.5,Female
35-39 Years Old,Managers & Administrators (Including Working Proprietors),28.8,24,26.5,23.8,25.9,24.4,21.9,21.4,21.5,21.6,21.7,23.1,23,25,24.8,19.7,19.5,17.1,14.6,13.8,12.6,13.2,12.4,12.4,Female
35-39 Years Old,Professionals,54.4,48.3,47.9,46.2,40.6,39.8,37.3,37.5,34.1,35.7,28,30.5,29.5,28.7,29.1,27.7,25.2,21.7,17.4,15.5,15.2,16.2,14.4,11.8,Female
35-39 Years Old,Associate Professionals & Technicians,31,30.5,30.4,31.3,30.3,30.5,32.2,30.7,27.7,29.3,29.5,25.9,23.4,24.2,20,26.3,23.6,20,18,18.1,17.2,15.9,16.3,15.2,Female
35-39 Years Old,Clerical Support Workers,14.5,17,15.2,16,14.7,17,19.6,20.2,18.6,21.9,20.7,22.3,24.8,23.9,26.5,26.4,26.3,24.3,27.3,28.3,28.2,26.5,27.7,25.3,Female
35-39 Years Old,Service & Sales Workers,10.1,11.2,11.7,11.4,13.3,12.5,11.5,13.5,11.6,12.3,11.5,12.5,13.8,11.6,13.4,11.9,12.1,10.8,14.6,9.9,11.9,11.7,13.4,10.7,Female
35-39 Years Old,Craftsmen & Related Trade Workers,0.1,0.9,0.5,0.6,0.3,0.6,1,0.5,0.6,0.6,0.4,0.2,1,0.6,0.8,1.1,1.2,0.7,1,1,0.9,1.2,0.9,1.6,Female
35-39 Years Old,Plant & Machine Operators & Assemblers,0.7,0.3,0.4,0.8,1.2,1.1,1.2,1.2,1.4,1.4,1.2,1.9,2.5,2.5,3.2,4,3.5,4.6,6.3,6.4,6.9,6.4,7.1,8.4,Female
35-39 Years Old,"Cleaners, Labourers & Related Workers",2.6,2.5,2.8,2.4,2.5,2.5,3.3,4.1,3.2,3.8,3.4,2.5,3.1,3.4,3.7,3.6,3.4,4.1,3,4.1,4.2,4.1,5.4,3.8,Female
35-39 Years Old,Others,0.1,0.3,0.2,0.1,0.3,0.1,0.6,0.2,0.2,0.4,0.3,0.1,-,0.1,0.2,0.1,0.2,0.2,0.2,-,0.2,0.2,0.1,0.3,Female
40-44 Years Old,All Occupations,142,136.7,146.3,129.8,122.3,127.4,127.3,125.2,124.4,124.9,119.6,118.9,118.1,113.3,108.4,106.1,108.3,104.7,97.2,97.1,92.9,92.1,93.6,85.2,Female
40-44 Years Old,Managers & Administrators (Including Working Proprietors),31.2,25.8,34.2,27.5,27,24.6,26.3,25.3,23.7,24.9,24.1,23.9,22.8,21.9,20.5,18.3,16.5,15.8,13.3,13.5,11,11,10.6,10.7,Female
40-44 Years Old,Professionals,44.7,48.1,42.5,39.4,35.1,31.7,31.6,28,27.8,26.4,22.9,22.9,21.4,19.6,18,14.9,15.1,15.3,11.8,11.8,10.8,9.9,10.5,8.4,Female
40-44 Years Old,Associate Professionals & Technicians,31.4,30.6,33.9,29.1,25.3,29.2,26.9,25.5,25.7,24.6,25,21.2,21.8,21.3,17.9,19.8,19.4,16.9,13.8,13.4,14.4,12.4,12.1,11.8,Female
40-44 Years Old,Clerical Support Workers,18.2,14.4,16.7,16.3,17.4,20.5,20.8,24.5,22.7,25.5,24.9,27.8,26.9,25.9,24.8,25.7,27.8,25.6,25.8,25.8,25.9,25.8,26.8,22.3,Female
40-44 Years Old,Service & Sales Workers,12.6,11.8,14,11.7,12,15.4,13.7,14.2,14.6,14.5,13.8,13.2,14.6,13.7,14.6,14.3,15.4,15.6,17.5,15.8,12.8,14.3,14.3,12.8,Female
40-44 Years Old,Craftsmen & Related Trade Workers,0.3,1.2,0.8,0.7,0.6,0.6,0.5,1,0.9,1,0.7,1,1,0.7,1.1,1.4,1,1.7,2,1.4,1.8,2,1.7,2,Female
40-44 Years Old,Plant & Machine Operators & Assemblers,0.7,0.9,0.7,1.3,1.1,1.3,2,2,2.5,2.3,2.4,3.1,3.5,4.1,4.2,4.8,5.2,6,7.6,7.3,8.4,9.3,9.2,10.2,Female
40-44 Years Old,"Cleaners, Labourers & Related Workers",2.8,3.7,3.3,3.5,3.7,4,5.1,4.4,6.3,5.6,5.5,5.8,5.9,5.9,7,6.9,7.8,7.7,5.1,7.8,7.6,7.3,8.3,6.7,Female
40-44 Years Old,Others,0.1,0.2,0.2,0.3,0.1,0.1,0.3,0.3,0.3,-,0.2,-,0.1,0.2,0.2,0.1,-,0.2,0.3,0.3,0.1,-,0.1,0.4,Female
45-49 Years Old,All Occupations,128,128.4,143,117.1,120.7,128.6,122.2,122.2,115.9,113.6,109.9,112.6,114.8,111.2,109.3,103.1,103.6,103.1,87.8,87.6,81.4,80.1,77.6,69,Female
45-49 Years Old,Managers & Administrators (Including Working Proprietors),29.3,26.2,27.7,24.4,24.9,25.6,23.1,21.4,19.4,19.7,17.4,18.3,18.5,19.4,17.1,13.8,14.8,11.9,9.7,10.1,9.4,8.7,7.6,7.2,Female
45-49 Years Old,Professionals,34.3,35.2,36.4,27.6,28.1,24.9,22.2,22.3,19.4,17.1,16.9,15.5,13.9,13.6,13.4,10.4,12.1,11.3,7.7,8.6,8.2,6,6.4,4.9,Female
45-49 Years Old,Associate Professionals & Technicians,25.6,25.9,31.3,23.3,23.7,27,24.6,24.8,22.1,20.3,20.2,18.7,17.1,16.3,15.8,17.6,15,15.1,10.8,11.6,9.4,9.4,10.5,7.8,Female
45-49 Years Old,Clerical Support Workers,16.9,19.8,22,20.3,18.8,23.1,22.1,24.8,24.3,25.7,25.1,27.3,28.4,25.2,27.1,25.9,24.1,25.9,23.2,21.5,19,21.1,17.4,15.5,Female
45-49 Years Old,Service & Sales Workers,14.7,13.3,16.8,12.7,15.5,16.5,18.3,17.5,18.7,17.4,16.1,18.4,20.4,18.2,16.9,16.1,16.8,16.8,17.8,14,13.1,13.2,15.1,12,Female
45-49 Years Old,Craftsmen & Related Trade Workers,0.9,1.4,0.6,1.4,0.9,1.2,1,1.3,0.8,1.3,0.5,1.2,1,1.1,1.5,1.7,2.3,2.2,1.6,1.1,1.6,1.8,1.5,1.8,Female
45-49 Years Old,Plant & Machine Operators & Assemblers,1.6,1.7,1.9,1.9,2.6,2.9,3,2.7,2.9,2.7,3.6,4.2,4.7,5.8,4.8,5.1,5.8,6.2,7.6,8.7,9,9.2,9.1,9.8,Female
45-49 Years Old,"Cleaners, Labourers & Related Workers",4.6,4.6,5.9,5.6,6,7.1,7.8,7.2,8.3,9.3,10.1,8.9,10.6,11.3,12.5,12.3,12.6,13.4,8.9,11.9,11.4,10.5,9.9,9.7,Female
45-49 Years Old,Others,0.1,0.2,0.4,0.1,0.1,0.3,0.2,0.3,-,0.2,-,0.1,0.1,0.3,0.2,0.2,0.2,0.2,0.4,0.1,0.2,0.1,0.2,0.1,Female
50-54 Years Old,All Occupations,125.3,123.1,113.9,99,105.7,109.6,110.7,105.1,110.9,109.6,111.6,105.1,100.5,99.7,95.5,89.8,87.5,82,65.1,62.1,62.3,56.6,54.7,45.6,Female
50-54 Years Old,Managers & Administrators (Including Working Proprietors),23.7,22.2,20.6,18,17.8,15.7,15.8,14.7,15.2,14.8,16,14.9,14.5,13.5,12.5,9.6,9.9,8.6,6.3,5.6,5.9,4.9,4.1,4.2,Female
50-54 Years Old,Professionals,26.6,26.2,23.1,17.7,16.9,16.2,13.8,12.9,13.3,11.4,12,12.4,9.6,8.6,9.4,7.7,7.9,7.6,4.8,4.5,5.3,5.4,5.2,4.1,Female
50-54 Years Old,Associate Professionals & Technicians,24.6,24.4,24.3,19.5,20.2,19.4,18.5,17.4,17.8,16.5,14.9,15,12.7,12.7,11.6,12.7,10.2,10,7.2,5.3,4.8,5.8,5.2,4.5,Female
50-54 Years Old,Clerical Support Workers,22.3,19.7,19.6,17.7,19.7,24.6,25.2,24.4,25.4,27.6,26.7,25.2,24.9,23.9,21.2,22.5,20,17.8,14.1,14.1,13.4,10.3,10.2,7.8,Female
50-54 Years Old,Service & Sales Workers,16.6,17.5,13.7,14.4,18.1,20.5,20.4,18.3,19.5,19.1,18.6,17.3,18.7,18.3,17.7,14.8,15.1,15.3,15.1,12.1,12.4,10.6,10.5,8.9,Female
50-54 Years Old,Craftsmen & Related Trade Workers,1,1.1,1.2,1.1,1.1,0.7,1.6,1.1,1.5,1.6,1.3,1.3,1.4,1.6,1.6,1.9,2,1.5,1.5,1.9,1.5,1.5,1.2,1.2,Female
50-54 Years Old,Plant & Machine Operators & Assemblers,2.4,1.6,2.2,2.8,2.1,2.1,3.5,2.6,3.8,4,4.8,4.6,4.9,4.9,6.2,5.4,6.5,6.3,5.8,6.8,7.1,6.5,5.7,4.8,Female
50-54 Years Old,"Cleaners, Labourers & Related Workers",7.8,10.1,9.3,7.8,9.8,10.2,11.7,13.4,14.1,14.3,17.2,14.4,13.7,16,15.2,14.9,15.9,14.8,10.3,11.8,11.9,11.6,12.4,9.9,Female
50-54 Years Old,Others,0.2,0.1,0.1,0.2,0.1,0.2,0.2,0.2,0.3,0.3,0.2,0.1,-,0.2,0.1,0.1,-,0.1,0.1,-,-,-,0.1,0.1,Female
55-59 Years Old,All Occupations,99.6,104.1,99.5,93.6,96.2,98.9,89.1,85,92,89.9,89.6,80.8,74,72.2,65.7,54.4,52.5,50.4,37.8,36.7,29.8,28.6,22.7,18.6,Female
55-59 Years Old,Managers & Administrators (Including Working Proprietors),12.9,11.7,15.1,11,12,12.3,9,8.8,9.2,10.1,9.3,8.3,7.6,7.8,7.8,6.5,4.7,4,3.1,2.7,2,1.8,1,1.1,Female
55-59 Years Old,Professionals,15.7,17,13.7,12.1,11,11.4,10.3,8.3,8.5,9.1,6.4,7.9,6.3,5.1,5.8,4.1,4.3,4.8,2.8,3.9,3.8,3,2.8,1.9,Female
55-59 Years Old,Associate Professionals & Technicians,19.1,17.9,17.9,14.9,14.3,13.9,14.9,12.4,12.6,10.3,10.9,10.6,8.5,8,5.8,4.6,4.9,5.1,3.3,3,2.5,2,1.6,1.5,Female
55-59 Years Old,Clerical Support Workers,20.9,19.8,21.3,21.4,20.7,22,18.9,20.6,19.7,21.6,23.6,19.9,17.4,16.6,13.8,10.9,9.4,9.6,6.7,6.1,5.5,4.3,2.5,2,Female
55-59 Years Old,Service & Sales Workers,15.7,19.4,16,16.8,18.9,18,16.4,16,18.4,15.6,16.2,13.6,13.6,13.8,12.8,9.7,9.8,9.1,9,7.5,4.8,6.1,5.1,3.9,Female
55-59 Years Old,Craftsmen & Related Trade Workers,1.4,1.8,1.2,1.2,1.4,1.7,1.1,1.4,2,1.9,1.5,1.4,1.2,1.3,1,1.4,1.2,1.4,1,0.8,0.7,0.7,0.7,0.5,Female
55-59 Years Old,Plant & Machine Operators & Assemblers,1.8,2.5,1.9,3,2.8,3,2.7,2.8,3.4,3,2.9,3.4,3.7,3.9,3.2,3.5,4.1,2.8,2.5,2.9,2,2.5,1.9,1.6,Female
55-59 Years Old,"Cleaners, Labourers & Related Workers",12.1,13.8,12.3,13.2,15,16.4,15.5,14.4,17.9,18.2,18.6,15.6,15.7,15.7,15.5,13.6,14.1,13.8,9.3,9.9,8.6,8.2,7.2,6,Female
55-59 Years Old,Others,na,0.1,0.2,0.1,0.1,0.2,0.2,0.3,0.2,0.1,0.2,0.1,-,-,0.1,-,-,-,0.1,-,-,-,-,-,Female
60-64 Years Old,All Occupations,88.2,81.5,81.6,81.4,72.4,64.8,68.2,64.8,61.8,57.9,54.2,49.3,44.1,38.9,34.2,29.6,25.8,21,12.2,11.9,12.7,12.1,11.5,8.8,Female
60-64 Years Old,Managers & Administrators (Including Working Proprietors),8.3,7,7.7,9,6.6,6.7,5,5.5,4.6,4.7,4.3,4.5,4.1,3,3,2,2,1.7,0.8,1,0.7,0.8,0.9,0.6,Female
60-64 Years Old,Professionals,8.9,8.5,7.2,7.2,6,5.2,5.7,4,4.2,3.7,3.5,2.8,2.9,2.3,2.6,2.3,1.3,1.7,0.5,0.7,0.9,0.9,0.6,0.4,Female
60-64 Years Old,Associate Professionals & Technicians,13.6,13.2,11.9,11.8,9.3,6.9,8.5,6,6.6,5.3,5.2,3.6,3.3,3,2.8,2.1,2.4,1.8,1.1,0.5,0.8,0.6,0.6,0.6,Female
60-64 Years Old,Clerical Support Workers,17.7,15.3,18.3,18.3,16.8,15.1,13.8,13.7,11.8,13.2,12,10.4,7.4,7.3,6.3,4.4,4.2,2.4,1,0.7,1.2,1,0.9,0.5,Female
60-64 Years Old,Service & Sales Workers,17.5,17.3,14.2,15.8,16.4,13.5,14.3,13.7,13.5,11.4,11.3,9.8,9.4,8.3,6.5,6.4,5.1,3.5,2.9,2.6,2.6,2.4,2.5,1.9,Female
60-64 Years Old,Craftsmen & Related Trade Workers,1.8,1.6,1.6,1.5,1.1,0.8,1.4,1.4,1.3,0.8,0.7,0.7,1,0.9,0.6,0.7,0.8,0.7,0.3,0.1,0.2,0.2,0.3,0.2,Female
60-64 Years Old,Plant & Machine Operators & Assemblers,1.7,2.1,2.6,1.3,1.6,1.7,2.4,1.4,2.3,1.9,1.9,2.1,1.6,1.7,1.3,1.3,1.4,1.2,0.8,0.6,0.7,0.8,0.4,0.5,Female
60-64 Years Old,"Cleaners, Labourers & Related Workers",18.7,16,17.9,16.4,14.4,14.9,16.9,19,17.5,16.8,15.2,15.3,14.5,12.4,10.9,10.4,8.5,8,4.8,5.5,5.5,5.4,5.4,4.2,Female
60-64 Years Old,Others,na,0.3,0.1,0.2,0.2,0.1,0.2,0.1,-,-,-,-,-,-,0.2,-,-,-,-,0.1,-,-,-,-,Female
65 Years & Over,All Occupations,104.4,86.4,83.3,78,68.8,61.7,55.5,53.2,47.8,43.9,41.2,33.2,28.8,24.3,19.2,17.2,15.7,14.1,8,7.9,7.7,6.4,6.8,5.4,Female
65 Years & Over,Managers & Administrators (Including Working Proprietors),6.8,4.5,5.8,5.4,3.2,4.4,2.9,3.1,3.1,2.3,2.9,2.5,2,2,1.6,0.9,0.9,0.9,0.6,0.8,0.6,0.3,0.4,0.5,Female
65 Years & Over,Professionals,5.9,5.5,4.9,4.4,3.8,3.7,3.1,2.2,2.8,2.5,2,1.9,1.4,1.3,1,1,0.8,0.6,0.3,0.4,0.2,0.2,0.3,0.1,Female
65 Years & Over,Associate Professionals & Technicians,10.2,7.2,7.7,7,6.4,4.8,4.1,3.4,3,2.4,2.3,1.4,1.7,1.4,1,0.8,0.7,0.4,0.5,0.2,0.4,0.1,0.1,0.1,Female
65 Years & Over,Clerical Support Workers,16.4,14.5,14.6,13,10.8,9.7,7.2,7.3,5.9,5.1,5.7,3.5,3.5,1.6,1.1,1.1,0.8,0.8,0.4,0.4,0.2,0.4,0.2,0.1,Female
65 Years & Over,Service & Sales Workers,21.8,17.6,16.4,15.5,14.3,12.2,11.6,10.4,9.1,8,7.9,7,6,4.1,3.6,3.4,3.2,3.1,2,1.8,1.4,1.6,2.2,1.5,Female
65 Years & Over,Craftsmen & Related Trade Workers,1.9,1.5,1.8,1.6,1.6,1.5,1,0.9,0.8,0.8,0.6,0.7,1,0.6,0.8,0.2,0.2,0.1,0.2,0.1,0.1,0.1,0.2,0.1,Female
65 Years & Over,Plant & Machine Operators & Assemblers,1.7,1.8,2,1.5,1.5,1.3,1.3,1.3,1.5,0.9,0.8,0.8,0.7,0.5,0.5,0.5,0.7,0.7,0.3,0.1,0.3,0.2,0.1,0.2,Female
65 Years & Over,"Cleaners, Labourers & Related Workers",39.4,33.5,30,29.2,27,23.9,24.1,24.5,21.6,21.8,18.9,15.4,12.3,12.8,9.5,9.3,8.6,7.4,3.8,4.1,4.4,3.6,3.2,2.8,Female
65 Years & Over,Others,0.3,0.3,0.3,0.3,0.1,0.2,0.2,0.1,-,0.1,-,0.1,-,-,-,-,-,-,0.1,-,-,-,0.1,-,Female
All Ages,All Occupations,1238,1244,1256.2,1220.3,1198.1,1202.5,1197.2,1189.4,1178.4,1171.8,1161,1142.3,1138.1,1118.8,1106.6,1066.2,1053.6,1038.4,959.7,960.8,948.7,937.7,938.4,889.5,Male
All Ages,Managers & Administrators (Including Working Proprietors),242.6,223.4,243.5,233.6,231.4,231,219.2,230.6,220.2,235.2,233.3,239.8,238.8,243.5,232.7,214.1,208.2,195.9,163.9,174.9,179.9,172.4,174.6,163,Male
All Ages,Professionals,311.5,314.7,317.3,300.5,260.5,238,236,229,215.1,209.3,205.3,195.5,198.9,183.2,207.4,192,187.6,172.3,141.5,144.3,137.7,134.3,131.4,106.9,Male
All Ages,Associate Professionals & Technicians,241.5,246.3,244.6,235.1,231.7,243.2,242.5,224.8,229.9,214.6,202.7,195.1,184.6,182.6,167.1,158.2,161.5,151.8,135.5,143.3,130.3,129.7,132.6,134.1,Male
All Ages,Clerical Support Workers,48,49.5,49.6,52,51.7,56.3,59.9,58.4,60,63.3,66.4,65.1,61.4,57.2,52.9,56.6,57.7,54.8,55.3,48.8,50.9,49.8,50.9,49.2,Male
All Ages,Service & Sales Workers,102.1,112.6,107.9,106.8,107.6,111.7,115.5,108.3,115.6,113,110.7,112.1,115.7,107.4,108.9,107.9,105.1,114.9,126,103.3,104.1,107.3,103.5,102.1,Male
All Ages,Craftsmen & Related Trade Workers,46.5,48,44.3,48.1,53.7,58.8,60.9,67.1,69.8,74.2,75.2,74.9,81.7,82.1,78,79.4,81.3,85.9,101.9,89.3,89.7,96.2,94.4,97.9,Male
All Ages,Plant & Machine Operators & Assemblers,116.8,119.7,122.4,122.5,137.2,136.8,130.4,136,132.6,128.7,126.4,125,124.8,131.7,126.3,130.4,126.4,130.7,130.9,122.6,122.4,127,129.3,128.1,Male
All Ages,"Cleaners, Labourers & Related Workers",73.1,72,73.2,67.1,65.3,64.4,66.2,68.4,65.6,65.6,72.1,67.3,64.7,62.9,66.6,64.9,63.7,70.6,51.3,65.1,65.6,60.1,58.6,56.6,Male
All Ages,Others,55.8,57.9,53.5,54.7,59,62.4,66.6,67,69.7,67.9,68.9,67.6,67.7,68.2,66.7,62.6,62.2,61.6,53.6,69.3,68.2,60.9,63.2,51.6,Male
15-19 Years Old,All Occupations,16.4,16.9,17,15.9,18.1,20.8,23.3,22.3,22.2,22.9,18.5,17.5,18.4,20.4,22.9,17,18.8,20.4,12.5,14.1,14.1,13.2,18.9,15.3,Male
15-19 Years Old,Managers & Administrators (Including Working Proprietors),na,na,na,na,na,na,na,na,na,na,na,na,na,na,na,na,na,na,-,-,-,-,-,-,Male
15-19 Years Old,Professionals,0.4,0.1,0.1,0.1,-,0.1,-,0.1,0.2,0.1,-,0.1,0.1,0.1,0.2,-,0.2,0.2,-,0.1,-,-,0.2,-,Male
15-19 Years Old,Associate Professionals & Technicians,1.3,0.9,1,0.8,0.6,0.4,0.7,0.5,0.8,0.8,0.4,0.2,0.7,0.2,0.4,0.4,0.3,0.4,-,0.3,0.1,0.2,0.4,0.1,Male
15-19 Years Old,Clerical Support Workers,1.2,1.2,1.2,1.6,1.2,2,2.2,1.6,1,1.7,0.9,1.3,1,1.4,0.7,0.7,0.9,0.9,0.3,0.7,0.6,0.5,0.6,0.3,Male
15-19 Years Old,Service & Sales Workers,2.3,3,2.2,2.5,2.4,2.9,3.6,3.1,3,3.1,3.5,3.2,3.1,3.4,3.9,2.7,3.6,3.4,1.8,2.4,2.4,2.5,3.2,3,Male
15-19 Years Old,Craftsmen & Related Trade Workers,0.5,0.1,0.4,0.1,0.1,0.1,0.3,0.2,0.2,0.2,0.1,0.2,0.3,0.1,-,0.2,0.3,-,0.1,0.2,0.3,0.4,0.5,0.3,Male
15-19 Years Old,Plant & Machine Operators & Assemblers,0.4,0.1,0.8,0.4,0.7,0.6,0.3,0.1,0.1,0.2,0.2,0.2,0.2,0.2,0.6,0.2,0.3,0.4,0.2,0.2,0.3,0.2,0.2,0.2,Male
15-19 Years Old,"Cleaners, Labourers & Related Workers",0.7,1.1,1.1,1.6,1,0.7,0.9,1.2,0.9,1.2,1.1,1,1.1,1.4,1.2,0.9,1.3,1.1,0.5,1,1,0.9,1.3,0.6,Male
15-19 Years Old,Others,9.7,10.4,10.2,8.9,12,13.9,15.2,15.6,15.9,15.6,12.2,11.3,11.9,13.6,16,11.8,12,14.1,9.5,9.3,9.5,8.5,12.5,10.6,Male
20-24 Years Old,All Occupations,59.1,61.1,57.4,63.2,60.3,68.8,70.9,73.4,78.8,77.4,79.3,79,84.5,76.7,75.9,70.2,70.1,67.9,61.2,69.7,66.7,65.9,69.3,61.5,Male
20-24 Years Old,Managers & Administrators (Including Working Proprietors),0.3,0.2,0.4,0.4,0.1,0.3,0.2,0.3,0.4,0.7,0.6,0.6,0.6,0.6,1.2,0.8,0.9,0.9,0.6,0.7,0.4,0.5,0.9,1.2,Male
20-24 Years Old,Professionals,4.1,4.8,3.4,3.8,2,2.8,2.4,2.5,1.9,2.6,2.1,2.3,3.6,3.4,5.2,3.6,4.8,4.1,2.8,2.2,2.6,2.8,4.1,3.3,Male
20-24 Years Old,Associate Professionals & Technicians,7.9,7,8,7.3,7.1,8.6,9,8.1,10.2,8.9,8,8.2,9.3,8.2,8.1,6.9,7.8,8.5,7.4,5.6,5.4,5.8,7.1,7,Male
20-24 Years Old,Clerical Support Workers,4,4.8,4.9,7.1,5.5,7.6,8.9,7.9,9,9.3,9.6,8.9,9.1,7.6,7.6,7.1,7.5,5.8,4.3,3.5,2.2,2,3.5,3.3,Male
20-24 Years Old,Service & Sales Workers,7,6.7,5.7,6.6,6.6,9.5,8.3,9.3,10.6,10.9,10.3,9.4,10.9,9.6,10.6,9.5,8.6,10.1,11.9,8.1,7.4,8.1,8.4,10.2,Male
20-24 Years Old,Craftsmen & Related Trade Workers,1.5,1.3,1.3,1.2,1.8,1.4,1.4,2,2.6,2.6,1.9,2,2,1.6,1.7,1.1,1.8,2.4,2.7,2.2,2.3,2.6,2.9,3.5,Male
20-24 Years Old,Plant & Machine Operators & Assemblers,1.7,2.3,2.7,3.6,3.3,3,2.3,3.5,2.6,2.2,1.9,2.1,2.4,2.5,2.4,2.9,2,2.6,2.5,2.3,2,2.7,2,3,Male
20-24 Years Old,"Cleaners, Labourers & Related Workers",1.8,3.4,3.5,3,2.3,2,2.7,2.7,2.1,2.4,2.9,2.6,2.7,2.1,2,2.1,1.8,1.8,2.2,3.5,1.9,2,2.2,2.2,Male
20-24 Years Old,Others,30.8,30.5,27.6,30.3,31.6,33.8,35.7,37.3,39.2,37.8,42.2,42.8,44.1,41,37,36.3,34.8,31.8,26.9,41.8,42.5,39.3,38.2,27.6,Male
25-29 Years Old,All Occupations,99.2,107.8,95.5,114.6,110.8,113.5,110.5,107.4,110,101.8,101.8,96,98.4,102.7,106.9,102.5,98,98.3,101.2,97,97.4,98.5,104.8,108.8,Male
25-29 Years Old,Managers & Administrators (Including Working Proprietors),3.9,5.5,5.6,6.3,5.1,4.7,4.2,4.2,5.2,6.5,5.4,6.7,7.7,8.9,12.2,8,8,6.8,6.2,5.9,7.5,8.3,9.6,10.6,Male
25-29 Years Old,Professionals,37.5,37.7,34.9,42.5,33.2,34.3,31.1,32.8,31.1,29.5,28.8,26.7,30.4,27.7,35.7,32.7,31.9,29.2,28.7,27.1,28.3,26.6,29.9,27.2,Male
25-29 Years Old,Associate Professionals & Technicians,30.4,32.6,30,34.1,38.5,39.1,38.3,37.6,37.4,34,31.1,29.4,27,30.1,24.4,26.5,24.2,25,25.1,24.9,22.8,24.2,25.5,27.3,Male
25-29 Years Old,Clerical Support Workers,4.8,6.6,5.2,6.6,6.9,6.9,8.2,6.9,8.5,6.8,10.7,9.2,8.1,7.8,7.6,8.1,7.2,6.6,6.1,5.6,6.3,6.3,7,7,Male
25-29 Years Old,Service & Sales Workers,9.9,10.3,7.9,10,10.9,11.2,12.6,10.8,13,11.5,11.4,12.1,12.3,12.8,12.3,11.8,9.9,13.2,14.4,11.6,11.7,11.1,11.7,11.4,Male
25-29 Years Old,Craftsmen & Related Trade Workers,2.7,2.6,1.6,2.6,3.3,3.5,3.7,3.3,3.8,3.8,4.8,3.1,3.4,4.6,3.7,3.7,4.2,4.2,6.9,5,5.5,6.3,6.4,9.3,Male
25-29 Years Old,Plant & Machine Operators & Assemblers,3.5,4.3,4,4.9,6.2,6.4,5.4,5,3.4,4,3.7,3.5,3.9,4.4,4.1,4.4,3.6,3.7,4.7,4.3,4.9,6.6,6.8,7.4,Male
25-29 Years Old,"Cleaners, Labourers & Related Workers",2.2,3.2,2,2.9,2,2.9,2.3,2.9,2.4,1.8,1.7,1.8,2.5,1.8,2.4,2.6,2.5,3.1,2.1,3.4,2.8,3.3,3.5,3.6,Male
25-29 Years Old,Others,4.5,4.9,4.2,4.6,4.9,4.6,4.6,4,5.3,3.8,4.1,3.6,3.2,4.5,4.4,4.6,6.4,6.4,7.1,9.1,7.7,5.8,4.3,5,Male
30-34 Years Old,All Occupations,132.3,140.7,142.7,145.5,126.5,122.9,119.2,117.1,119.3,119.9,123.1,122.7,120.7,123.9,127.3,124.5,121.1,126.6,128.4,126.8,126.1,124.4,126.4,126.7,Male
30-34 Years Old,Managers & Administrators (Including Working Proprietors),18,17.1,21.4,20.8,18.4,16.5,16.7,18,19.1,20.4,20.2,21.6,23.3,23.3,23.3,22.7,22.6,22.9,19.8,20.8,22.9,22.3,22.7,24.7,Male
30-34 Years Old,Professionals,50,54.3,58.3,55.8,47.3,39.4,40.7,40.3,39.4,41.3,41.2,39,39.2,40.5,44.5,43.6,41.4,40.5,37.1,35.8,35.1,33.8,31.6,26.7,Male
30-34 Years Old,Associate Professionals & Technicians,36.9,38.9,35.9,38.2,34,37.9,35.3,31.5,34.2,31.3,30.3,30.6,28.3,29.4,27,27.1,26.8,26.5,26.1,27.3,25.8,23.3,25.5,25,Male
30-34 Years Old,Clerical Support Workers,5.9,5.1,5.2,4.2,4.5,4.9,5.2,5.1,4.4,5.4,6.1,6.2,5.7,5.3,5.4,4.7,5.2,6.4,7.1,6.5,6.5,7.4,6.9,7.1,Male
30-34 Years Old,Service & Sales Workers,9.3,11.1,9.3,12,9.7,10.1,8.4,9.7,9.3,9,10.9,11.1,10.5,10.7,10.6,10.1,9.4,10.5,13,11.5,11.3,12.7,11.3,10.6,Male
30-34 Years Old,Craftsmen & Related Trade Workers,2.5,2.6,1.4,3.2,1.8,3.3,3.3,3.2,3.8,3.4,4.5,4,4.3,4.6,5.4,5.1,5.7,6.2,10.4,9.5,9.4,10.2,10.8,12.7,Male
30-34 Years Old,Plant & Machine Operators & Assemblers,4.3,6,4.1,6.3,6.3,6.1,5.6,5.1,5,4.4,4.1,4.7,4.5,5.3,4.9,5.6,4.8,6.7,9.3,8.6,9,9.4,11.5,13.1,Male
30-34 Years Old,"Cleaners, Labourers & Related Workers",2.5,2.7,3.9,2.5,2.3,2.2,1.6,2.1,2.2,2.2,2.7,2.5,2.4,1.8,2.8,2.2,2.4,3.6,3,4.2,4,3.3,4.1,4.8,Male
30-34 Years Old,Others,2.8,2.9,3.2,2.6,2.2,2.4,2.5,2,1.7,2.5,3.1,3,2.5,3,3.4,3.4,2.6,3.3,2.5,2.4,2.2,1.9,1.9,2.1,Male
35-39 Years Old,All Occupations,139.9,134,139.7,141.6,132.5,131.3,134.5,136.6,131.5,133.9,132,134.7,137.8,140.3,145.6,135,141.7,138.1,137.1,132.1,141.8,149.7,150.5,145.7,Male
35-39 Years Old,Managers & Administrators (Including Working Proprietors),34.6,30.4,30.4,31.3,33.1,32.6,30.5,30.8,30.3,34.3,33.7,35.7,37.2,41.4,41,36.8,37.8,34.3,29.3,30.6,34.7,35.5,36.7,33.5,Male
35-39 Years Old,Professionals,50.4,50.1,51.1,50.7,42,38.8,40.9,42.7,41.7,39.7,38.7,38.3,38.8,37.2,40,36.5,37.8,35.5,27.8,27.9,27,25.6,24.6,18.5,Male
35-39 Years Old,Associate Professionals & Technicians,31.1,28.9,31.6,30.6,29.7,32.1,32.8,33.5,29.6,30.4,29.7,28.1,27.9,28.2,26.6,24.1,26.2,24.6,22.5,23.5,22,22.5,22.3,23.2,Male
35-39 Years Old,Clerical Support Workers,3.9,3.9,4.1,5.1,3.2,4.4,4,4.4,3.7,4.9,4.9,5,5.9,5.7,5.5,5,5.9,5.9,7.4,7,7.9,7.6,7.5,7.7,Male
35-39 Years Old,Service & Sales Workers,7.8,8.3,8.6,9.3,9.5,8.4,10.5,9.2,9.2,9.2,9,9.6,9.8,8.9,10.9,10.7,10.3,10.5,14.3,10.7,11.7,13.9,12.9,12.9,Male
35-39 Years Old,Craftsmen & Related Trade Workers,2.7,2.5,2.3,3.2,3.1,3.4,3.8,4.4,5.3,5.6,5,5.7,6.9,6.6,7.8,7.9,7.4,9.6,13.9,11.1,13.3,17,16.6,18.6,Male
35-39 Years Old,Plant & Machine Operators & Assemblers,5.7,6.1,6.3,7,8,6.9,7.1,6.9,7.1,5.3,5.8,7.1,7,7.8,8.7,9,9.6,10.9,15.5,13.6,15.4,19.1,20.1,21,Male
35-39 Years Old,"Cleaners, Labourers & Related Workers",2,2.4,3.4,2.4,1.7,2.7,2.4,2.2,2.2,1.9,2.9,2.5,2.8,2.8,3.5,3.4,4.5,4.9,4.5,6,7.7,6.6,7.4,7.7,Male
35-39 Years Old,Others,1.7,1.3,2,2,2.2,2.1,2.6,2.4,2.5,2.6,2.3,2.7,1.4,1.8,1.7,1.7,2.2,1.9,2,1.8,2.1,1.7,2.5,2.5,Male
40-44 Years Old,All Occupations,143,141.4,146.4,138.9,136.9,134.5,143.8,146.3,135.8,143.4,137.6,139.5,140.3,136.1,137.6,145.1,145.3,144.7,150.1,149.6,145.8,147.2,148.6,140.5,Male
40-44 Years Old,Managers & Administrators (Including Working Proprietors),40.1,37,38.7,38.5,39.6,40.9,40.4,43.5,41.3,42.6,41.4,44.1,43.4,44.3,41.7,39.8,38.6,38.1,34.1,36.8,34.5,34.4,36,33.5,Male
40-44 Years Old,Professionals,47.2,46.9,48.2,47.8,40.7,36.8,37.9,39.8,32.8,35,32.6,29.5,30.4,27.2,26.8,29.1,26.6,24,19.7,22.3,17.6,17.9,15.9,11.6,Male
40-44 Years Old,Associate Professionals & Technicians,30.2,29.4,29.9,27.4,28.2,28.2,32.7,28.1,29.2,28.2,26.4,26.5,24.2,22.3,21.1,20.5,23.1,21.1,18.3,19.8,20.1,18.5,18.9,20,Male
40-44 Years Old,Clerical Support Workers,3.6,3.9,4,2.5,3.6,3.2,4.7,4.1,4.3,5.3,4.1,6.2,4.9,4.9,5.3,6.9,6.7,7.4,8.2,6.2,7.8,7,7.4,7.1,Male
40-44 Years Old,Service & Sales Workers,7.5,8.5,9.6,7.7,7.7,8.7,9.3,8.7,9.3,9.7,9.4,10.4,11.4,10.7,9.8,12.7,12.4,12.7,16.4,13.9,13.4,14.7,12.9,13.5,Male
40-44 Years Old,Craftsmen & Related Trade Workers,2.9,2.9,3.7,2.7,4,3.8,5,6.7,5.2,7.6,7.3,8.6,9.4,9.2,10.4,11,11.6,12.9,20.7,17.1,17.1,19.2,21,18.8,Male
40-44 Years Old,Plant & Machine Operators & Assemblers,7.3,8.3,7.6,7.7,9.3,9.1,9.6,10.1,10.1,9.9,11,8.6,11.3,11.4,15.1,17.3,18.1,18.8,22.9,21.5,22.6,25.1,25.8,25.2,Male
40-44 Years Old,"Cleaners, Labourers & Related Workers",2.1,2.6,2.6,2.4,2.5,2,3,3.5,2.6,3.7,3.8,4.2,3.9,4.8,6.1,6.4,6.6,8.3,7.3,9.6,10.6,9,8.9,8.9,Male
40-44 Years Old,Others,2.2,1.7,2,2.3,1.2,1.7,1.2,1.9,1,1.5,1.5,1.5,1.4,1.2,1.4,1.3,1.6,1.4,2.4,2.5,2.1,1.4,1.7,1.7,Male
45-49 Years Old,All Occupations,134.6,136.4,152.6,135.2,145.6,145.3,139.5,142,135.1,137.3,136,145.7,146.7,149.7,149.4,146.2,150.1,146.5,136.3,139.2,134.5,127.3,125.6,116.5,Male
45-49 Years Old,Managers & Administrators (Including Working Proprietors),42.1,38.4,45.3,40.3,45,44,40.3,43.3,40.7,41.4,42.3,43.3,41.3,43.5,39.1,38.7,36.3,34.1,29.4,34,31.6,28.9,29.9,25.7,Male
45-49 Years Old,Professionals,42,40.3,44.2,36.7,35.3,30.5,30.3,27.7,25.7,22.9,23.7,22.6,23.8,19.5,21.8,18.7,19.3,16.2,11.3,11,11.7,11.9,10.2,8.1,Male
45-49 Years Old,Associate Professionals & Technicians,24.8,27.2,28.2,25.1,26.7,28.8,28.1,27.4,24.5,23,21.8,22,21.5,20.2,20.7,20.3,20.7,18.7,15.9,19.1,15.7,15.8,15.2,15.4,Male
45-49 Years Old,Clerical Support Workers,3.4,3.4,4.3,4.2,3.8,5,4.7,5.3,5.5,6.2,5.9,6.1,6.3,6.2,5.9,6.4,7.6,6.8,7.3,7.1,6.7,7,6.6,6.3,Male
45-49 Years Old,Service & Sales Workers,6.5,8.4,8.9,7.5,9.2,10.9,10,9.4,10.4,10.6,10.8,12.6,14.2,11.7,13.3,13.4,13.9,15.2,16.9,13.7,13.5,12.1,12.7,12.6,Male
45-49 Years Old,Craftsmen & Related Trade Workers,3.7,4.6,4.7,4.6,5.8,6.1,6.8,7.8,8.1,10.3,9.5,11.8,13.5,15.9,15.1,15.1,16.7,16.7,18.8,17.8,17.8,17.7,15.1,15.6,Male
45-49 Years Old,Plant & Machine Operators & Assemblers,8.5,10.2,11.6,11.8,14.8,15.2,13.5,15.4,14.2,15.7,14.2,18.9,18.4,22.7,21.9,23.1,25.1,26.9,26.3,25,25.7,23.7,25.5,23.4,Male
45-49 Years Old,"Cleaners, Labourers & Related Workers",2.2,2.4,4.1,4.1,4,3.6,4.5,4.9,5.1,5.8,6.1,7.1,6.4,8.3,10.3,8.9,9.1,10.3,8.7,10,10.5,9.4,9.3,8.1,Male
45-49 Years Old,Others,1.4,1.6,1.3,0.8,1.2,1.1,1.4,0.8,1,1.3,1.6,1.4,1.4,1.7,1.4,1.7,1.3,1.6,1.7,1.5,1.3,1,1.2,1.3,Male
50-54 Years Old,All Occupations,135.4,137.5,134,113.9,131.4,137.4,140.4,139.1,143,145.8,143,142.9,140.7,138.7,132,132.1,130.2,127.8,110,110.6,105.2,104,99.9,87.1,Male
50-54 Years Old,Managers & Administrators (Including Working Proprietors),39.1,35.9,38.1,31.3,33.5,35.8,33.5,33.9,31.3,35.9,35,36.5,36.1,34.2,32.5,31.2,28.5,28.3,22.2,22.7,24.7,22.9,22,18.3,Male
50-54 Years Old,Professionals,33.7,32.9,31.7,24.5,25.3,24.1,21.7,19.6,18.4,18.2,16,14.4,14.1,12.9,14,12.8,12.1,9.3,7.3,9.2,7.4,7.3,8.4,6.2,Male
50-54 Years Old,Associate Professionals & Technicians,25.1,26,24.8,20.3,23,23.4,24.9,22.5,23.7,21.8,22.1,20.5,17.4,19.2,18,15.2,16.5,14.2,11.4,13.1,11.2,12.5,11.9,10.2,Male
50-54 Years Old,Clerical Support Workers,4.1,4.5,3.4,3.7,5,5,5.8,6.2,7,7,7.1,7.5,7.2,6.9,5.4,7.2,7.1,6.4,7,5.8,6.4,5.6,5.8,4.8,Male
50-54 Years Old,Service & Sales Workers,8.1,11,10.2,9.1,9.8,11.2,14.3,11.7,13,14.8,13,12.2,13,12.8,11.9,12,13.9,15,14.4,12.6,11.6,12.9,12.3,11.5,Male
50-54 Years Old,Craftsmen & Related Trade Workers,5.5,5.9,4.7,5.4,7.4,10.2,10.3,12.5,14,13.4,12.9,14.5,16.1,14.7,13.6,15.4,16.1,16.1,15.3,13.6,13.6,13.1,11.2,10.6,Male
50-54 Years Old,Plant & Machine Operators & Assemblers,13.8,15.2,14.7,13.3,20,20.3,20.3,23.7,26.3,24.6,25.7,27.8,25.5,27.9,25.9,26.7,24.9,25.7,24.3,23,20.3,20.8,19.8,17.5,Male
50-54 Years Old,"Cleaners, Labourers & Related Workers",5.4,5,5.3,6.1,6.6,6.7,8.3,8.3,8.2,8.7,10.2,8.9,10.2,9.2,10.3,10.5,10.5,12.3,7.3,9.9,9.4,8.3,8.2,7.5,Male
50-54 Years Old,Others,0.6,1,1,0.2,0.9,0.7,1.4,0.7,1.2,1.4,1.1,0.7,1.1,0.9,0.4,1.1,0.6,0.6,0.9,0.7,0.6,0.7,0.4,0.5,Male
55-59 Years Old,All Occupations,120.5,129.5,135.2,120.3,128.3,128.9,128.2,120.5,126.7,126.5,124.3,118.4,117.3,109.4,107.1,96.3,94,93.1,71.3,69.7,63.1,54.5,42.1,43.2,Male
55-59 Years Old,Managers & Administrators (Including Working Proprietors),28.2,26.3,29.3,25.6,26.3,25.7,25.3,27.3,25,28.4,26.3,25,24,23.7,22.5,18.8,20,17.7,13.1,14.2,13.7,10.2,8.1,8.1,Male
55-59 Years Old,Professionals,21.9,22.6,21.5,17.5,17.8,15.3,15.7,11.2,11.7,9.5,10.5,11.9,9.3,7.3,10,8.5,8.2,8.4,4.5,5.6,5,5.4,3.6,3.2,Male
55-59 Years Old,Associate Professionals & Technicians,21.5,23.2,24.7,20.7,19.8,20.5,19.4,17.4,20.4,18.1,16.2,15.8,15.8,14.8,13.3,11.2,10.6,8.7,6.3,7.2,5.5,4.7,3.6,3.5,Male
55-59 Years Old,Clerical Support Workers,4.6,4,5.2,5.1,6.5,5.6,6.4,5.9,6.8,7,7.1,6.1,6.2,5.4,4.3,5.2,5.3,4.8,4.2,3.7,3.7,3.1,2.4,2.6,Male
55-59 Years Old,Service & Sales Workers,10,12.1,13.8,11.8,12.5,12.9,13.5,10.7,13.7,12.8,11.6,11.3,12,10.8,11.1,10.8,10.9,11.4,11.4,9.3,9.3,7.8,6,6.5,Male
55-59 Years Old,Craftsmen & Related Trade Workers,5.6,8,7.6,8.3,10,11.2,10.8,11.4,11.1,12.4,13.6,12.4,13.9,12.5,11.9,10.5,9.7,11.6,9.1,8.1,6.9,5.6,4.7,5,Male
55-59 Years Old,Plant & Machine Operators & Assemblers,19.4,21.3,21.3,22.2,24,25.6,25.3,25.7,25.9,26.6,26.1,24.2,25.3,24.8,23.2,21.7,20.2,20.5,15.7,13.8,13,10.5,8.6,9,Male
55-59 Years Old,"Cleaners, Labourers & Related Workers",8.8,11.2,11.2,8.3,10.3,11,10.8,10.1,11.5,11.1,12.1,11.3,10.4,9.7,10.3,9.1,8.9,9.5,6.7,7.6,6,6.9,4.5,5.1,Male
55-59 Years Old,Others,0.4,0.9,0.6,0.8,1.1,1.1,0.9,0.8,0.6,0.5,0.8,0.3,0.5,0.4,0.5,0.4,0.2,0.4,0.4,0.2,0.1,0.4,0.4,0.2,Male
60-64 Years Old,All Occupations,114.5,108.3,111.6,110.6,101.3,101.1,97.7,96.5,97,91.3,91.9,83,79.2,71.4,61.3,57.5,49.8,42.9,29,31.1,31.2,31,30.9,25.6,Male
60-64 Years Old,Managers & Administrators (Including Working Proprietors),18.3,16.7,17.3,19.7,14.9,17.3,16.1,16.7,15.8,14.7,16.6,16.1,15,14.4,12.9,11,9.8,7.4,5,5.2,6.1,5.9,4.7,4.1,Male
60-64 Years Old,Professionals,14.3,14.6,14.7,11.7,9.7,8.3,8.6,6.9,6.6,6.5,6.5,7.2,6.1,4.7,5.8,3.9,3.4,2.8,1.4,2.1,1.9,2.2,2.2,1.4,Male
60-64 Years Old,Associate Professionals & Technicians,17.5,17.1,16.3,16.8,14.5,13.5,13.8,12.2,13.6,12.5,11.6,10.1,9.2,6.8,5.2,4.2,3.7,3.3,1.8,1.9,1.5,1.7,1.4,1.6,Male
60-64 Years Old,Clerical Support Workers,4.9,4.9,5.5,5.4,5.8,5.5,3.8,5.5,5.1,5.2,5.3,5,4.7,3.3,2.8,3.1,2.6,2.1,1.8,1.3,1.7,1.8,1.9,1.8,Male
60-64 Years Old,Service & Sales Workers,12.8,12.1,12.3,11.8,12.1,12.5,10.9,11.7,11.4,10.5,9.8,9.7,10.1,8.9,7.5,7.8,5.9,6.7,6,5.4,6.5,5.8,5.9,4.7,Male
60-64 Years Old,Craftsmen & Related Trade Workers,8.6,8.7,8.9,8.3,8.4,8.8,8.6,9.4,9.4,9.2,9.8,7.9,7.7,8.2,5.7,6.4,5.2,4.3,2.6,3.1,2.4,2.8,3.6,2.4,Male
60-64 Years Old,Plant & Machine Operators & Assemblers,24.9,21.6,23.8,24.2,24.2,23.5,24.1,24,22.5,22,21.4,16.4,17.3,16.1,13.9,13,11.9,9,6.2,6.8,5.8,6,6.5,5.6,Male
60-64 Years Old,"Cleaners, Labourers & Related Workers",12.8,11.8,12.3,11.7,11.1,11.4,11.4,9.4,11.9,10.1,11,10.3,9,8.9,7.3,7.8,7.1,7.3,4,5.3,5.3,4.9,4.5,4,Male
60-64 Years Old,Others,0.6,0.7,0.7,0.9,0.6,0.3,0.3,0.6,0.7,0.4,-,0.3,0.2,0.1,0.2,0.3,0.2,0.1,0.2,-,0.1,0.1,0.1,0.1,Male
65 Years & Over,All Occupations,143.1,130.6,124,120.6,106.4,97.9,89.4,88.3,79,71.4,73.5,62.9,54.2,49.6,40.5,39.9,34.6,32.1,22.7,20.8,22.9,21.9,21.4,18.8,Male
65 Years & Over,Managers & Administrators (Including Working Proprietors),18.1,15.8,16.9,19.4,15.5,13.2,12,12.8,11.1,10.2,11.8,10.2,10.2,9.3,6.3,6.3,5.6,5.3,4.2,4.1,4,3.6,4,3.4,Male
65 Years & Over,Professionals,10.1,10.3,9.2,9.3,7.3,7.6,6.8,5.4,5.5,4,5.2,3.5,3.2,2.8,3.4,2.7,1.9,1.8,1,1,1.1,0.7,0.7,0.7,Male
65 Years & Over,Associate Professionals & Technicians,14.8,15.2,14.3,13.8,9.6,10.7,7.4,6,6.2,5.5,4.9,3.8,3.2,3.2,2.4,1.8,1.5,1,0.6,0.6,0.3,0.6,0.7,0.8,Male
65 Years & Over,Clerical Support Workers,7.7,7.1,6.7,6.6,5.8,6.3,6,5.5,4.6,4.4,4.9,3.6,2.2,2.7,2.4,2.2,1.7,1.7,1.5,1.4,1.2,1.5,1.3,1.1,Male
65 Years & Over,Service & Sales Workers,20.9,21,19.2,18.4,17.2,13.2,14.1,14,12.7,10.8,10.9,10.4,8.5,7.1,6.9,6.4,6.3,6.3,5.6,4.1,5.3,5.6,6.2,5.1,Male
65 Years & Over,Craftsmen & Related Trade Workers,10.3,8.8,7.7,8.5,8,7.1,7,6.2,6.2,5.6,5.9,4.5,4.4,4,2.7,3,2.4,2,1.4,1.6,1.2,1.4,1.4,1.2,Male
65 Years & Over,Plant & Machine Operators & Assemblers,27.2,24.2,25.4,21.2,20.4,20.1,16.9,16.5,15.4,13.8,12.2,11.5,9.1,8.6,5.6,6.5,5.9,5.4,3.3,3.4,3.4,3,2.3,2.5,Male
65 Years & Over,"Cleaners, Labourers & Related Workers",32.6,26.3,23.8,22.3,21.5,19.1,18.3,21.2,16.5,16.8,17.7,15.2,13.3,12,10.5,11,9.1,8.6,5,4.5,6.4,5.7,4.7,4,Male
65 Years & Over,Others,1.3,1.7,0.8,1.2,1.1,0.7,0.8,0.8,0.6,0.4,0.1,0.1,0.1,-,0.2,-,0.1,-,0.1,-,0.1,-,-,-,Male
